{
    "mass": 0.60366,
    "center_of_mass": [
        -5.10177e-05,
        -0.00269952,
        0.0481778
    ],
    "inertia": {
        "ixx": 0.000955866,
        "iyy": 0.000761363,
        "izz": 0.000508596,
        "ixy": 1.47274e-05,
        "ixz": -5.44088e-06,
        "iyz": 0.000106418
    }
}