{
    "mass": 0.581000,
    "center_of_mass": [
        0.0448060032633747,
        4.61631715961057E-05,
        -0.000190936703812095
    ],
    "inertia": {
        "ixx": 0.00029,
        "iyy": 0.00028,
        "izz": 0.00045,
        "ixy": 0.00000,
        "ixz": 0.00000,
        "iyz": -0.00001
    }
}